{
  "data" : {
    "lookups" : [
      "trait"
    ],
    "name" : "intent",
    "lang" : "en",
    "exotic" : false,
    "id" : "intent",
    "values" : [
      {
        "value" : "getActiveCellValue"
      },
      {
        "value" : "getActiveWorkbook"
      },
      {
        "value" : "getActiveWorksheet"
      },
      {
        "value" : "getCellValue"
      },
      {
        "value" : "getChartImage"
      },
      {
        "value" : "getNamedItemValue"
      },
      {
        "value" : "listCharts"
      },
      {
        "value" : "listNamedItems"
      },
      {
        "value" : "listTables"
      },
      {
        "value" : "listWorksheets"
      },
      {
        "value" : "lookupTableRow"
      },
      {
        "value" : "openWorkbook"
      },
      {
        "value" : "sayHello"
      },
      {
        "value" : "selectWorksheet"
      },
      {
        "value" : "setActiveCellValue"
      },
      {
        "value" : "setCellNumberValue"
      },
      {
        "value" : "setCellStringValue"
      },
      {
        "value" : "setNamedItemValue"
      },
      {
        "value" : "showHelp"
      }
    ],
    "doc" : "User-defined entity",
    "builtin" : false
  }
}