{
  "data" : {
    "lookups" : [
      "free-text",
      "keywords"
    ],
    "name" : "Name",
    "lang" : "en",
    "exotic" : false,
    "id" : "Name",
    "values" : [
      {
        "value" : "Chart 2",
        "expressions" : [
          "Chart 2"
        ]
      },
      {
        "value" : "Name",
        "expressions" : [
          "Name"
        ]
      },
      {
        "value" : "Table1",
        "expressions" : [
          "Table1"
        ]
      },
      {
        "value" : "Table2",
        "expressions" : [
          "Table2"
        ]
      },
      {
        "value" : "tablename",
        "expressions" : [
          "tablename"
        ]
      },
      {
        "value" : "tavble2",
        "expressions" : [
          "tavble2"
        ]
      }
    ],
    "doc" : "User-defined entity",
    "builtin" : false
  }
}