{
  "data" : {
    "lookups" : [
      "free-text",
      "keywords"
    ],
    "name" : "Workbook",
    "lang" : "en",
    "exotic" : false,
    "id" : "Workbook",
    "values" : [
      {
        "value" : "Tes1",
        "expressions" : [
          "Tes1"
        ]
      },
      {
        "value" : "map.xlsx",
        "expressions" : [
          "map.xlsx"
        ]
      },
      {
        "value" : "new.xlsx",
        "expressions" : [
          "new.xlsx"
        ]
      },
      {
        "value" : "test",
        "expressions" : [
          "test"
        ]
      },
      {
        "value" : "test-people",
        "expressions" : [
          "test-people"
        ]
      },
      {
        "value" : "test-people.xlsx",
        "expressions" : [
          "test-people.xlsx"
        ]
      },
      {
        "value" : "test.xlsx",
        "expressions" : [
          "test.xlsx"
        ]
      },
      {
        "value" : "text.xlsx",
        "expressions" : [
          "text.xlsx"
        ]
      },
      {
        "value" : "workbook",
        "expressions" : [
          "workbook"
        ]
      }
    ],
    "doc" : "User-defined entity",
    "builtin" : false
  }
}