{
  "data" : [
    {
      "text" : "Change Cell to \"Text\"",
      "entities" : [
        {
          "entity" : "intent",
          "value" : "\"setCellStringValue\""
        },
        {
          "entity" : "Cell",
          "value" : "\"Cell\"",
          "start" : 7,
          "end" : 11
        },
        {
          "entity" : "Text",
          "value" : "\"Text\"",
          "start" : 16,
          "end" : 20
        }
      ]
    },
    {
      "text" : "Hello",
      "entities" : [
        {
          "entity" : "intent",
          "value" : "\"sayHello\""
        }
      ]
    },
    {
      "text" : "Hi",
      "entities" : [
        {
          "entity" : "intent",
          "value" : "\"sayHello\""
        }
      ]
    },
    {
      "text" : "What is in Cell",
      "entities" : [
        {
          "entity" : "intent",
          "value" : "\"getCellValue\""
        },
        {
          "entity" : "Cell",
          "value" : "\"Cell\"",
          "start" : 11,
          "end" : 15
        }
      ]
    },
    {
      "text" : "Work with map.xlsx",
      "entities" : [
        {
          "entity" : "intent",
          "value" : "\"openWorkbook\""
        },
        {
          "entity" : "Workbook",
          "value" : "\"map.xlsx\"",
          "start" : 10,
          "end" : 18
        }
      ]
    },
    {
      "text" : "active workbook",
      "entities" : [
        {
          "entity" : "intent",
          "value" : "\"getActiveWorkbook\""
        }
      ]
    },
    {
      "text" : "and  now",
      "entities" : [
        {
          "entity" : "intent",
          "value" : "\"getActiveCellValue\""
        }
      ]
    },
    {
      "text" : "any charts",
      "entities" : [
        {
          "entity" : "intent",
          "value" : "\"listCharts\""
        }
      ]
    },
    {
      "text" : "change Cell to 12",
      "entities" : [
        {
          "entity" : "intent",
          "value" : "\"setCellNumberValue\""
        },
        {
          "entity" : "Cell",
          "value" : "\"Cell\"",
          "start" : 7,
          "end" : 11
        },
        {
          "entity" : "number",
          "value" : "12",
          "start" : 15,
          "end" : 17
        }
      ]
    },
    {
      "text" : "change Cell to Number",
      "entities" : [
        {
          "entity" : "intent",
          "value" : "\"getCellValue\""
        },
        {
          "entity" : "Cell",
          "value" : "\"Cell\"",
          "start" : 7,
          "end" : 11
        },
        {
          "entity" : "number",
          "value" : "\"Number\"",
          "start" : 15,
          "end" : 21
        }
      ]
    },
    {
      "text" : "change Name to 10",
      "entities" : [
        {
          "entity" : "intent",
          "value" : "\"setNamedItemValue\""
        },
        {
          "entity" : "Name",
          "value" : "\"Name\"",
          "start" : 7,
          "end" : 11
        },
        {
          "entity" : "number",
          "value" : "10",
          "start" : 15,
          "end" : 17
        }
      ]
    },
    {
      "text" : "change Name to Text",
      "entities" : [
        {
          "entity" : "intent",
          "value" : "\"setNamedItemValue\""
        },
        {
          "entity" : "Name",
          "value" : "\"Name\"",
          "start" : 7,
          "end" : 11
        },
        {
          "entity" : "Text",
          "value" : "\"Text\"",
          "start" : 15,
          "end" : 19
        }
      ]
    },
    {
      "text" : "change cell to Number",
      "entities" : [
        {
          "entity" : "intent",
          "value" : "\"setCellNumberValue\""
        },
        {
          "entity" : "Cell",
          "value" : "\"Cell\"",
          "start" : 7,
          "end" : 11
        },
        {
          "entity" : "number",
          "value" : "\"Number\"",
          "start" : 15,
          "end" : 21
        }
      ]
    },
    {
      "text" : "change name to \"Text\"",
      "entities" : [
        {
          "entity" : "intent",
          "value" : "\"setNamedItemValue\""
        },
        {
          "entity" : "Name",
          "value" : "\"Name\"",
          "start" : 7,
          "end" : 11
        },
        {
          "entity" : "Text",
          "value" : "\"Text\"",
          "start" : 16,
          "end" : 20
        }
      ]
    },
    {
      "text" : "change that to Text",
      "entities" : [
        {
          "entity" : "intent",
          "value" : "\"setActiveCellValue\""
        },
        {
          "entity" : "Text",
          "value" : "\"Text\"",
          "start" : 15,
          "end" : 19
        }
      ]
    },
    {
      "text" : "change the value of Cell to \"Text\"",
      "entities" : [
        {
          "entity" : "intent",
          "value" : "\"setCellStringValue\""
        },
        {
          "entity" : "Cell",
          "value" : "\"Cell\"",
          "start" : 20,
          "end" : 24
        },
        {
          "entity" : "Text",
          "value" : "\"Text\"",
          "start" : 29,
          "end" : 33
        }
      ]
    },
    {
      "text" : "change to value of Cell to Text",
      "entities" : [
        {
          "entity" : "intent",
          "value" : "\"setCellStringValue\""
        },
        {
          "entity" : "Cell",
          "value" : "\"Cell\"",
          "start" : 19,
          "end" : 23
        },
        {
          "entity" : "Text",
          "value" : "\"Text\"",
          "start" : 27,
          "end" : 31
        }
      ]
    },
    {
      "text" : "get Cell",
      "entities" : [
        {
          "entity" : "intent",
          "value" : "\"getCellValue\""
        },
        {
          "entity" : "Cell",
          "value" : "\"Cell\"",
          "start" : 4,
          "end" : 8
        }
      ]
    },
    {
      "text" : "get active workbook",
      "entities" : [
        {
          "entity" : "intent",
          "value" : "\"getActiveWorkbook\""
        }
      ]
    },
    {
      "text" : "get active worksheet",
      "entities" : [
        {
          "entity" : "intent",
          "value" : "\"getActiveWorksheet\""
        }
      ]
    },
    {
      "text" : "get value of cell Cell",
      "entities" : [
        {
          "entity" : "intent",
          "value" : "\"getCellValue\""
        },
        {
          "entity" : "Cell",
          "value" : "\"Cell\"",
          "start" : 18,
          "end" : 22
        }
      ]
    },
    {
      "text" : "hej",
      "entities" : [
        {
          "entity" : "intent",
          "value" : "\"sayHello\""
        }
      ]
    },
    {
      "text" : "hello",
      "entities" : [
        {
          "entity" : "intent",
          "value" : "\"sayHello\""
        }
      ]
    },
    {
      "text" : "hello there",
      "entities" : [
        {
          "entity" : "intent",
          "value" : "\"sayHello\""
        }
      ]
    },
    {
      "text" : "help",
      "entities" : [
        {
          "entity" : "intent",
          "value" : "\"showHelp\""
        }
      ]
    },
    {
      "text" : "help me",
      "entities" : [
        {
          "entity" : "intent",
          "value" : "\"showHelp\""
        }
      ]
    },
    {
      "text" : "hi",
      "entities" : [
        {
          "entity" : "intent",
          "value" : "\"sayHello\""
        }
      ]
    },
    {
      "text" : "hi there",
      "entities" : [
        {
          "entity" : "intent",
          "value" : "\"sayHello\""
        }
      ]
    },
    {
      "text" : "hoi",
      "entities" : [
        {
          "entity" : "intent",
          "value" : "\"sayHello\""
        }
      ]
    },
    {
      "text" : "how about Cell",
      "entities" : [
        {
          "entity" : "intent",
          "value" : "\"getCellValue\""
        },
        {
          "entity" : "Cell",
          "value" : "\"Cell\"",
          "start" : 10,
          "end" : 14
        }
      ]
    },
    {
      "text" : "how many sheets do i have",
      "entities" : [
        {
          "entity" : "intent",
          "value" : "\"listWorksheets\""
        }
      ]
    },
    {
      "text" : "list charts",
      "entities" : [
        {
          "entity" : "intent",
          "value" : "\"listCharts\""
        }
      ]
    },
    {
      "text" : "list charts in workbook",
      "entities" : [
        {
          "entity" : "intent",
          "value" : "\"listCharts\""
        }
      ]
    },
    {
      "text" : "list sheets",
      "entities" : [
        {
          "entity" : "intent",
          "value" : "\"listWorksheets\""
        }
      ]
    },
    {
      "text" : "list tables",
      "entities" : [
        {
          "entity" : "intent",
          "value" : "\"listTables\""
        }
      ]
    },
    {
      "text" : "list worksheets",
      "entities" : [
        {
          "entity" : "intent",
          "value" : "\"listWorksheets\""
        }
      ]
    },
    {
      "text" : "look at test workbook",
      "entities" : [
        {
          "entity" : "intent",
          "value" : "\"openWorkbook\""
        },
        {
          "entity" : "Workbook",
          "value" : "\"test\"",
          "start" : 8,
          "end" : 12
        }
      ]
    },
    {
      "text" : "look at test.xlsx",
      "entities" : [
        {
          "entity" : "intent",
          "value" : "\"openWorkbook\""
        },
        {
          "entity" : "Workbook",
          "value" : "\"test.xlsx\"",
          "start" : 8,
          "end" : 17
        }
      ]
    },
    {
      "text" : "look up Text",
      "entities" : [
        {
          "entity" : "intent",
          "value" : "\"lookupTableRow\""
        },
        {
          "entity" : "Text",
          "value" : "\"Text\"",
          "start" : 8,
          "end" : 12
        }
      ]
    },
    {
      "text" : "look up Text in Name",
      "entities" : [
        {
          "entity" : "intent",
          "value" : "\"lookupTableRow\""
        },
        {
          "entity" : "Text",
          "value" : "\"Text\"",
          "start" : 8,
          "end" : 12
        },
        {
          "entity" : "Name",
          "value" : "\"Name\"",
          "start" : 16,
          "end" : 20
        }
      ]
    },
    {
      "text" : "lookup Text from Name",
      "entities" : [
        {
          "entity" : "intent",
          "value" : "\"lookupTableRow\""
        },
        {
          "entity" : "Text",
          "value" : "\"Text\"",
          "start" : 7,
          "end" : 11
        },
        {
          "entity" : "Name",
          "value" : "\"Name\"",
          "start" : 17,
          "end" : 21
        }
      ]
    },
    {
      "text" : "namaskar",
      "entities" : [
        {
          "entity" : "intent",
          "value" : "\"sayHello\""
        }
      ]
    },
    {
      "text" : "namaste",
      "entities" : [
        {
          "entity" : "intent",
          "value" : "\"sayHello\""
        }
      ]
    },
    {
      "text" : "oepn workbook Test.xlsx",
      "entities" : [
        {
          "entity" : "intent",
          "value" : "\"openWorkbook\""
        },
        {
          "entity" : "Workbook",
          "value" : "\"test.xlsx\"",
          "start" : 14,
          "end" : 23
        }
      ]
    },
    {
      "text" : "open Test",
      "entities" : [
        {
          "entity" : "intent",
          "value" : "\"openWorkbook\""
        },
        {
          "entity" : "Workbook",
          "value" : "\"test\"",
          "start" : 5,
          "end" : 9
        }
      ]
    },
    {
      "text" : "open Workbook",
      "entities" : [
        {
          "entity" : "intent",
          "value" : "\"openWorkbook\""
        },
        {
          "entity" : "Workbook",
          "value" : "\"workbook\"",
          "start" : 5,
          "end" : 13
        }
      ]
    },
    {
      "text" : "open Workbook workbook",
      "entities" : [
        {
          "entity" : "intent",
          "value" : "\"openWorkbook\""
        },
        {
          "entity" : "Workbook",
          "value" : "\"workbook\"",
          "start" : 5,
          "end" : 13
        }
      ]
    },
    {
      "text" : "open table \"Table2\"",
      "entities" : [
        {
          "entity" : "intent",
          "value" : "\"getNamedItemValue\""
        },
        {
          "entity" : "Name",
          "value" : "\"Table2\"",
          "start" : 12,
          "end" : 18
        }
      ]
    },
    {
      "text" : "open table \"TableName\"",
      "entities" : [
        {
          "entity" : "intent",
          "value" : "\"getNamedItemValue\""
        },
        {
          "entity" : "Name",
          "value" : "\"TableName\"",
          "start" : 12,
          "end" : 21
        }
      ]
    },
    {
      "text" : "open table \"tavble2\"",
      "entities" : [
        {
          "entity" : "intent",
          "value" : "\"getNamedItemValue\""
        },
        {
          "entity" : "Name",
          "value" : "\"tavble2\"",
          "start" : 12,
          "end" : 19
        }
      ]
    },
    {
      "text" : "open table Table2",
      "entities" : [
        {
          "entity" : "intent",
          "value" : "\"getNamedItemValue\""
        },
        {
          "entity" : "Name",
          "value" : "\"Table2\"",
          "start" : 11,
          "end" : 17
        }
      ]
    },
    {
      "text" : "open test workbook",
      "entities" : [
        {
          "entity" : "intent",
          "value" : "\"openWorkbook\""
        },
        {
          "entity" : "Workbook",
          "value" : "\"test\"",
          "start" : 5,
          "end" : 9
        }
      ]
    },
    {
      "text" : "open test-people",
      "entities" : [
        {
          "entity" : "intent",
          "value" : "\"openWorkbook\""
        },
        {
          "entity" : "Workbook",
          "value" : "\"test-people\"",
          "start" : 5,
          "end" : 16
        }
      ]
    },
    {
      "text" : "open test.xlsx spreadsheet",
      "entities" : [
        {
          "entity" : "intent",
          "value" : "\"openWorkbook\""
        },
        {
          "entity" : "Workbook",
          "value" : "\"test.xlsx\"",
          "start" : 5,
          "end" : 14
        }
      ]
    },
    {
      "text" : "open text.xlsx",
      "entities" : [
        {
          "entity" : "intent",
          "value" : "\"openWorkbook\""
        },
        {
          "entity" : "Workbook",
          "value" : "\"text.xlsx\"",
          "start" : 5,
          "end" : 14
        }
      ]
    },
    {
      "text" : "open workbook Test",
      "entities" : [
        {
          "entity" : "intent",
          "value" : "\"openWorkbook\""
        },
        {
          "entity" : "Workbook",
          "value" : "\"test\"",
          "start" : 14,
          "end" : 18
        }
      ]
    },
    {
      "text" : "open workbook Test.xlsx",
      "entities" : [
        {
          "entity" : "intent",
          "value" : "\"openWorkbook\""
        },
        {
          "entity" : "Workbook",
          "value" : "\"test.xlsx\"",
          "start" : 14,
          "end" : 23
        }
      ]
    },
    {
      "text" : "open workbook Workbook",
      "entities" : [
        {
          "entity" : "intent",
          "value" : "\"openWorkbook\""
        },
        {
          "entity" : "Workbook",
          "value" : "\"workbook\"",
          "start" : 14,
          "end" : 22
        }
      ]
    },
    {
      "text" : "please open test.xlsx",
      "entities" : [
        {
          "entity" : "intent",
          "value" : "\"openWorkbook\""
        },
        {
          "entity" : "Workbook",
          "value" : "\"test.xlsx\"",
          "start" : 12,
          "end" : 21
        }
      ]
    },
    {
      "text" : "put \"Text\" in cell",
      "entities" : [
        {
          "entity" : "intent",
          "value" : "\"setCellStringValue\""
        },
        {
          "entity" : "Text",
          "value" : "\"Text\"",
          "start" : 5,
          "end" : 9
        },
        {
          "entity" : "Cell",
          "value" : "\"Cell\"",
          "start" : 14,
          "end" : 18
        }
      ]
    },
    {
      "text" : "put Text in Cell",
      "entities" : [
        {
          "entity" : "intent",
          "value" : "\"setCellStringValue\""
        },
        {
          "entity" : "Text",
          "value" : "\"Text\"",
          "start" : 4,
          "end" : 8
        },
        {
          "entity" : "Cell",
          "value" : "\"Cell\"",
          "start" : 12,
          "end" : 16
        }
      ]
    },
    {
      "text" : "ram ram",
      "entities" : [
        {
          "entity" : "intent",
          "value" : "\"sayHello\""
        }
      ]
    },
    {
      "text" : "read Cell",
      "entities" : [
        {
          "entity" : "intent",
          "value" : "\"getCellValue\""
        },
        {
          "entity" : "Cell",
          "value" : "\"Cell\"",
          "start" : 5,
          "end" : 9
        }
      ]
    },
    {
      "text" : "select Name",
      "entities" : [
        {
          "entity" : "intent",
          "value" : "\"selectWorksheet\""
        },
        {
          "entity" : "Name",
          "value" : "\"Name\"",
          "start" : 7,
          "end" : 11
        }
      ]
    },
    {
      "text" : "select sheet Name",
      "entities" : [
        {
          "entity" : "intent",
          "value" : "\"selectWorksheet\""
        },
        {
          "entity" : "Name",
          "value" : "\"Name\"",
          "start" : 13,
          "end" : 17
        }
      ]
    },
    {
      "text" : "set Cell to 10",
      "entities" : [
        {
          "entity" : "intent",
          "value" : "\"setCellNumberValue\""
        },
        {
          "entity" : "Cell",
          "value" : "\"Cell\"",
          "start" : 4,
          "end" : 8
        },
        {
          "entity" : "number",
          "value" : "10",
          "start" : 12,
          "end" : 14
        }
      ]
    },
    {
      "text" : "set Cell to Number",
      "entities" : [
        {
          "entity" : "intent",
          "value" : "\"getCellValue\""
        },
        {
          "entity" : "Cell",
          "value" : "\"Cell\"",
          "start" : 4,
          "end" : 8
        },
        {
          "entity" : "number",
          "value" : "\"Number\"",
          "start" : 12,
          "end" : 18
        }
      ]
    },
    {
      "text" : "set Cell to Text",
      "entities" : [
        {
          "entity" : "intent",
          "value" : "\"setCellStringValue\""
        },
        {
          "entity" : "Cell",
          "value" : "\"Cell\"",
          "start" : 4,
          "end" : 8
        },
        {
          "entity" : "Text",
          "value" : "\"Text\"",
          "start" : 12,
          "end" : 16
        }
      ]
    },
    {
      "text" : "set it to Number",
      "entities" : [
        {
          "entity" : "intent",
          "value" : "\"setActiveCellValue\""
        },
        {
          "entity" : "number",
          "value" : "\"Number\"",
          "start" : 10,
          "end" : 16
        }
      ]
    },
    {
      "text" : "set that to Text",
      "entities" : [
        {
          "entity" : "intent",
          "value" : "\"setActiveCellValue\""
        },
        {
          "entity" : "Text",
          "value" : "\"Text\"",
          "start" : 12,
          "end" : 16
        }
      ]
    },
    {
      "text" : "show Name",
      "entities" : [
        {
          "entity" : "intent",
          "value" : "\"getNamedItemValue \""
        },
        {
          "entity" : "Name",
          "value" : "\"Name\"",
          "start" : 5,
          "end" : 9
        }
      ]
    },
    {
      "text" : "show Name chart",
      "entities" : [
        {
          "entity" : "intent",
          "value" : "\"getChartImage\""
        },
        {
          "entity" : "Name",
          "value" : "\"Name\"",
          "start" : 5,
          "end" : 9
        }
      ]
    },
    {
      "text" : "show Table1",
      "entities" : [
        {
          "entity" : "intent",
          "value" : "\"getNamedItemValue \""
        },
        {
          "entity" : "Name",
          "value" : "\"Table1\"",
          "start" : 5,
          "end" : 11
        }
      ]
    },
    {
      "text" : "show chart Name",
      "entities" : [
        {
          "entity" : "intent",
          "value" : "\"getChartImage\""
        },
        {
          "entity" : "Name",
          "value" : "\"Name\"",
          "start" : 11,
          "end" : 15
        }
      ]
    },
    {
      "text" : "show choices",
      "entities" : [
        {
          "entity" : "intent",
          "value" : "\"showHelp\""
        }
      ]
    },
    {
      "text" : "show me \"Chart 2\"",
      "entities" : [
        {
          "entity" : "intent",
          "value" : "\"getChartImage\""
        },
        {
          "entity" : "Name",
          "value" : "\"Chart 2\"",
          "start" : 9,
          "end" : 16
        }
      ]
    },
    {
      "text" : "show me \"Table1\"",
      "entities" : [
        {
          "entity" : "intent",
          "value" : "\"getNamedItemValue\""
        },
        {
          "entity" : "Name",
          "value" : "\"Table1\"",
          "start" : 9,
          "end" : 15
        }
      ]
    },
    {
      "text" : "show me \"Table2\"",
      "entities" : [
        {
          "entity" : "intent",
          "value" : "\"getNamedItemValue\""
        },
        {
          "entity" : "Name",
          "value" : "\"Table2\"",
          "start" : 9,
          "end" : 15
        }
      ]
    },
    {
      "text" : "show me \"tablename\"",
      "entities" : [
        {
          "entity" : "intent",
          "value" : "\"getNamedItemValue\""
        },
        {
          "entity" : "Name",
          "value" : "\"tablename\"",
          "start" : 9,
          "end" : 18
        }
      ]
    },
    {
      "text" : "show me Cell",
      "entities" : [
        {
          "entity" : "intent",
          "value" : "\"getCellValue\""
        },
        {
          "entity" : "Cell",
          "value" : "\"Cell\"",
          "start" : 8,
          "end" : 12
        }
      ]
    },
    {
      "text" : "show me Name",
      "entities" : [
        {
          "entity" : "intent",
          "value" : "\"getNamedItemValue\""
        },
        {
          "entity" : "Name",
          "value" : "\"Name\"",
          "start" : 8,
          "end" : 12
        }
      ]
    },
    {
      "text" : "show me Name chart",
      "entities" : [
        {
          "entity" : "intent",
          "value" : "\"getChartImage\""
        },
        {
          "entity" : "Name",
          "value" : "\"Name\"",
          "start" : 8,
          "end" : 12
        }
      ]
    },
    {
      "text" : "show me Table2",
      "entities" : [
        {
          "entity" : "intent",
          "value" : "\"getNamedItemValue\""
        },
        {
          "entity" : "Name",
          "value" : "\"Table2\"",
          "start" : 8,
          "end" : 14
        }
      ]
    },
    {
      "text" : "show me all the names",
      "entities" : [
        {
          "entity" : "intent",
          "value" : "\"listNamedItems\""
        }
      ]
    },
    {
      "text" : "show me all the names in the workbook",
      "entities" : [
        {
          "entity" : "intent",
          "value" : "\"listNamedItems\""
        }
      ]
    },
    {
      "text" : "show me charts",
      "entities" : [
        {
          "entity" : "intent",
          "value" : "\"listCharts\""
        }
      ]
    },
    {
      "text" : "show me charts in the workbook",
      "entities" : [
        {
          "entity" : "intent",
          "value" : "\"listCharts\""
        }
      ]
    },
    {
      "text" : "show me named items",
      "entities" : [
        {
          "entity" : "intent",
          "value" : "\"listNamedItems\""
        }
      ]
    },
    {
      "text" : "show me names",
      "entities" : [
        {
          "entity" : "intent",
          "value" : "\"listNamedItems\""
        }
      ]
    },
    {
      "text" : "show me tables",
      "entities" : [
        {
          "entity" : "intent",
          "value" : "\"listTables\""
        }
      ]
    },
    {
      "text" : "show me the charts",
      "entities" : [
        {
          "entity" : "intent",
          "value" : "\"listCharts\""
        }
      ]
    },
    {
      "text" : "show table \"name\"",
      "entities" : [
        {
          "entity" : "intent",
          "value" : "\"getNamedItemValue\""
        },
        {
          "entity" : "Name",
          "value" : "\"Name\"",
          "start" : 12,
          "end" : 16
        }
      ]
    },
    {
      "text" : "show table tablename",
      "entities" : [
        {
          "entity" : "intent",
          "value" : "\"getNamedItemValue\""
        },
        {
          "entity" : "Name",
          "value" : "\"tablename\"",
          "start" : 11,
          "end" : 20
        }
      ]
    },
    {
      "text" : "show table1",
      "entities" : [
        {
          "entity" : "intent",
          "value" : "\"getNamedItemValue\""
        },
        {
          "entity" : "Name",
          "value" : "\"Table1\"",
          "start" : 5,
          "end" : 11
        }
      ]
    },
    {
      "text" : "show tables",
      "entities" : [
        {
          "entity" : "intent",
          "value" : "\"listTables\""
        }
      ]
    },
    {
      "text" : "show worksheets",
      "entities" : [
        {
          "entity" : "intent",
          "value" : "\"listWorksheets\""
        }
      ]
    },
    {
      "text" : "switch to Name",
      "entities" : [
        {
          "entity" : "intent",
          "value" : "\"selectWorksheet\""
        },
        {
          "entity" : "Name",
          "value" : "\"Name\"",
          "start" : 10,
          "end" : 14
        }
      ]
    },
    {
      "text" : "tables",
      "entities" : [
        {
          "entity" : "intent",
          "value" : "\"listTables\""
        }
      ]
    },
    {
      "text" : "udpate Name to Text",
      "entities" : [
        {
          "entity" : "intent",
          "value" : "\"setNamedItemValue\""
        },
        {
          "entity" : "Name",
          "value" : "\"Name\"",
          "start" : 7,
          "end" : 11
        },
        {
          "entity" : "Text",
          "value" : "\"Text\"",
          "start" : 15,
          "end" : 19
        }
      ]
    },
    {
      "text" : "update Name to \"Text\"",
      "entities" : [
        {
          "entity" : "intent",
          "value" : "\"setNamedItemValue\""
        },
        {
          "entity" : "Name",
          "value" : "\"Name\"",
          "start" : 7,
          "end" : 11
        },
        {
          "entity" : "Text",
          "value" : "\"Text\"",
          "start" : 16,
          "end" : 20
        }
      ]
    },
    {
      "text" : "update Name to 10",
      "entities" : [
        {
          "entity" : "intent",
          "value" : "\"setNamedItemValue\""
        },
        {
          "entity" : "Name",
          "value" : "\"Name\"",
          "start" : 7,
          "end" : 11
        },
        {
          "entity" : "number",
          "value" : "10",
          "start" : 15,
          "end" : 17
        }
      ]
    },
    {
      "text" : "what are my spreadsheets",
      "entities" : [
        {
          "entity" : "intent",
          "value" : "\"listWorksheets\""
        }
      ]
    },
    {
      "text" : "what are the named items in the workbook",
      "entities" : [
        {
          "entity" : "intent",
          "value" : "\"listNamedItems\""
        }
      ]
    },
    {
      "text" : "what are worksheets in the workbook",
      "entities" : [
        {
          "entity" : "intent",
          "value" : "\"listWorksheets\""
        }
      ]
    },
    {
      "text" : "what can you do",
      "entities" : [
        {
          "entity" : "intent",
          "value" : "\"showHelp\""
        }
      ]
    },
    {
      "text" : "what charts are in this workbook",
      "entities" : [
        {
          "entity" : "intent",
          "value" : "\"listCharts\""
        }
      ]
    },
    {
      "text" : "what is Name",
      "entities" : [
        {
          "entity" : "intent",
          "value" : "\"getNamedItemValue\""
        },
        {
          "entity" : "Name",
          "value" : "\"Name\"",
          "start" : 8,
          "end" : 12
        }
      ]
    },
    {
      "text" : "what is in Name",
      "entities" : [
        {
          "entity" : "intent",
          "value" : "\"getNamedItemValue\""
        },
        {
          "entity" : "Name",
          "value" : "\"Name\"",
          "start" : 11,
          "end" : 15
        }
      ]
    },
    {
      "text" : "what is in cell Cell",
      "entities" : [
        {
          "entity" : "intent",
          "value" : "\"getCellValue\""
        },
        {
          "entity" : "Cell",
          "value" : "\"Cell\"",
          "start" : 16,
          "end" : 20
        }
      ]
    },
    {
      "text" : "what is it now",
      "entities" : [
        {
          "entity" : "intent",
          "value" : "\"getActiveCellValue\""
        }
      ]
    },
    {
      "text" : "what is it now?",
      "entities" : [
        {
          "entity" : "intent",
          "value" : "\"getActiveCellValue\""
        }
      ]
    },
    {
      "text" : "what is that value of Cell",
      "entities" : [
        {
          "entity" : "intent",
          "value" : "\"getCellValue\""
        },
        {
          "entity" : "Cell",
          "value" : "\"Cell\"",
          "start" : 22,
          "end" : 26
        }
      ]
    },
    {
      "text" : "what is the active workbook",
      "entities" : [
        {
          "entity" : "intent",
          "value" : "\"getActiveWorkbook\""
        }
      ]
    },
    {
      "text" : "what is the active workbook?",
      "entities" : [
        {
          "entity" : "intent",
          "value" : "\"getActiveWorkbook\""
        }
      ]
    },
    {
      "text" : "what is the active worksheet",
      "entities" : [
        {
          "entity" : "intent",
          "value" : "\"getActiveWorksheet\""
        }
      ]
    },
    {
      "text" : "what is the current workbook",
      "entities" : [
        {
          "entity" : "intent",
          "value" : "\"getActiveWorkbook\""
        }
      ]
    },
    {
      "text" : "what is the current workbook?",
      "entities" : [
        {
          "entity" : "intent",
          "value" : "\"getActiveWorkbook\""
        }
      ]
    },
    {
      "text" : "what is the value in cell Cell",
      "entities" : [
        {
          "entity" : "intent",
          "value" : "\"getCellValue\""
        },
        {
          "entity" : "Cell",
          "value" : "\"Cell\"",
          "start" : 26,
          "end" : 30
        }
      ]
    },
    {
      "text" : "what is the value of Name",
      "entities" : [
        {
          "entity" : "intent",
          "value" : "\"getNamedItemValue\""
        },
        {
          "entity" : "Name",
          "value" : "\"Name\"",
          "start" : 21,
          "end" : 25
        }
      ]
    },
    {
      "text" : "what is value of Cell",
      "entities" : [
        {
          "entity" : "intent",
          "value" : "\"getCellValue\""
        },
        {
          "entity" : "Cell",
          "value" : "\"Cell\"",
          "start" : 17,
          "end" : 21
        }
      ]
    },
    {
      "text" : "what sheets are in the book",
      "entities" : [
        {
          "entity" : "intent",
          "value" : "\"listWorksheets\""
        }
      ]
    },
    {
      "text" : "what sheets are in the workbook",
      "entities" : [
        {
          "entity" : "intent",
          "value" : "\"listWorksheets\""
        }
      ]
    },
    {
      "text" : "what sheets are there",
      "entities" : [
        {
          "entity" : "intent",
          "value" : "\"listWorksheets\""
        }
      ]
    },
    {
      "text" : "what workbook is open",
      "entities" : [
        {
          "entity" : "intent",
          "value" : "\"getActiveWorkbook\""
        }
      ]
    },
    {
      "text" : "what workbook is this",
      "entities" : [
        {
          "entity" : "intent",
          "value" : "\"getActiveWorkbook\""
        }
      ]
    },
    {
      "text" : "which charts do i have",
      "entities" : [
        {
          "entity" : "intent",
          "value" : "\"listCharts\""
        }
      ]
    },
    {
      "text" : "which name are in the workbook",
      "entities" : [
        {
          "entity" : "intent",
          "value" : "\"listNamedItems\""
        }
      ]
    },
    {
      "text" : "which sheet are we on",
      "entities" : [
        {
          "entity" : "intent",
          "value" : "\"getActiveWorksheet\""
        }
      ]
    },
    {
      "text" : "which workbook am i working with",
      "entities" : [
        {
          "entity" : "intent",
          "value" : "\"getActiveWorkbook\""
        }
      ]
    },
    {
      "text" : "which workbook are we in",
      "entities" : [
        {
          "entity" : "intent",
          "value" : "\"getActiveWorkbook\""
        }
      ]
    },
    {
      "text" : "which workbook is open",
      "entities" : [
        {
          "entity" : "intent",
          "value" : "\"getActiveWorkbook\""
        }
      ]
    },
    {
      "text" : "with wit test",
      "entities" : [
        {
          "entity" : "intent",
          "value" : "\"openWorkbook\""
        },
        {
          "entity" : "Workbook",
          "value" : "\"test\"",
          "start" : 9,
          "end" : 13
        }
      ]
    },
    {
      "text" : "work with \"new.xlsx\"",
      "entities" : [
        {
          "entity" : "intent",
          "value" : "\"openWorkbook\""
        },
        {
          "entity" : "Workbook",
          "value" : "\"new.xlsx\"",
          "start" : 11,
          "end" : 19
        }
      ]
    },
    {
      "text" : "work with \"test-people.xlsx\"",
      "entities" : [
        {
          "entity" : "intent",
          "value" : "\"openWorkbook\""
        },
        {
          "entity" : "Workbook",
          "value" : "\"test-people.xlsx\"",
          "start" : 11,
          "end" : 27
        }
      ]
    },
    {
      "text" : "work with Map.xlsx",
      "entities" : [
        {
          "entity" : "intent",
          "value" : "\"openWorkbook\""
        },
        {
          "entity" : "Workbook",
          "value" : "\"Map.xlsx\"",
          "start" : 10,
          "end" : 18
        }
      ]
    },
    {
      "text" : "work with Tes1",
      "entities" : [
        {
          "entity" : "intent",
          "value" : "\"openWorkbook\""
        },
        {
          "entity" : "Workbook",
          "value" : "\"Tes1\"",
          "start" : 10,
          "end" : 14
        }
      ]
    },
    {
      "text" : "work with Test",
      "entities" : [
        {
          "entity" : "intent",
          "value" : "\"openWorkbook\""
        },
        {
          "entity" : "Workbook",
          "value" : "\"test\"",
          "start" : 10,
          "end" : 14
        }
      ]
    },
    {
      "text" : "work with new.xlsx",
      "entities" : [
        {
          "entity" : "intent",
          "value" : "\"openWorkbook\""
        },
        {
          "entity" : "Workbook",
          "value" : "\"new.xlsx\"",
          "start" : 10,
          "end" : 18
        }
      ]
    },
    {
      "text" : "work with test",
      "entities" : [
        {
          "entity" : "intent",
          "value" : "\"openWorkbook\""
        },
        {
          "entity" : "Workbook",
          "value" : "\"test\"",
          "start" : 10,
          "end" : 14
        }
      ]
    },
    {
      "text" : "work with test-people.xlsx",
      "entities" : [
        {
          "entity" : "intent",
          "value" : "\"openWorkbook\""
        },
        {
          "entity" : "Workbook",
          "value" : "\"test-people.xlsx\"",
          "start" : 10,
          "end" : 26
        }
      ]
    },
    {
      "text" : "work with test.xlsx",
      "entities" : [
        {
          "entity" : "intent",
          "value" : "\"openWorkbook\""
        }
      ]
    },
    {
      "text" : "work with test.xlsx workbook",
      "entities" : [
        {
          "entity" : "intent",
          "value" : "\"openWorkbook\""
        },
        {
          "entity" : "Workbook",
          "value" : "\"test.xlsx\"",
          "start" : 10,
          "end" : 19
        }
      ]
    },
    {
      "text" : "work with text.xlsx",
      "entities" : [
        {
          "entity" : "intent",
          "value" : "\"openWorkbook\""
        },
        {
          "entity" : "Workbook",
          "value" : "\"text.xlsx\"",
          "start" : 10,
          "end" : 19
        }
      ]
    },
    {
      "text" : "work with workbook",
      "entities" : [
        {
          "entity" : "intent",
          "value" : "\"openWorkbook\""
        },
        {
          "entity" : "Workbook",
          "value" : "\"workbook\"",
          "start" : 10,
          "end" : 18
        }
      ]
    },
    {
      "text" : "worksheet?",
      "entities" : [
        {
          "entity" : "intent",
          "value" : "\"getActiveWorksheet\""
        }
      ]
    },
    {
      "text" : "yo",
      "entities" : [
        {
          "entity" : "intent",
          "value" : "\"sayHello\""
        }
      ]
    }
  ]
}